2026-03-30 11:14:30,C:\Windows\System32\cmd.exe - python  tracker.py
2026-03-30 11:14:35,C:\Windows\System32\cmd.exe - python  tracker.py
2026-03-30 11:14:40,BYOP Project Ideas - Google Chrome
2026-03-30 11:14:45,BYOP Project Ideas - Google Chrome
2026-03-30 11:14:50,BYOP Project Ideas - Google Chrome
2026-03-30 11:14:55,BYOP Project Ideas - Google Chrome
2026-03-30 11:15:00,BYOP Project Ideas - Google Chrome
2026-03-30 11:15:05,New Tab - Google Chrome
2026-03-30 11:15:10,YouTube - Google Chrome
2026-03-30 11:15:15,YouTube - Google Chrome
2026-03-30 11:15:20,YouTube - Google Chrome
2026-03-30 11:15:25,YouTube - Google Chrome
2026-03-30 11:15:30,YouTube - Google Chrome
2026-03-30 11:15:35,YouTube - Google Chrome
2026-03-30 11:15:40,YouTube - Google Chrome
2026-03-30 11:15:45,YouTube - Google Chrome
2026-03-30 11:15:50,YouTube - Google Chrome
2026-03-30 11:15:55,YouTube - Google Chrome
2026-03-30 11:16:00,BYOP Project Ideas - Google Chrome
2026-03-30 11:16:05,C:\Windows\System32\cmd.exe - python  tracker.py
2026-03-30 11:14:00,tracker.py - focus-tracker - Visual Studio Code
2026-03-30 11:14:05,C:\Windows\System32\cmd.exe
2026-03-30 11:14:10,BYOP Project Ideas - Google Chrome
2026-03-30 11:14:15,BYOP Project Ideas - Google Chrome
2026-03-30 11:14:20,BYOP Project Ideas - Google Chrome
2026-03-30 11:14:25,BYOP Project Ideas - Google Chrome
2026-03-30 11:14:30,C:\Windows\System32\cmd.exe - python  tracker.py
2026-03-30 11:14:35,C:\Windows\System32\cmd.exe - python  tracker.py
2026-03-30 11:14:40,BYOP Project Ideas - Google Chrome
2026-03-30 11:14:45,BYOP Project Ideas - Google Chrome
2026-03-30 11:14:50,BYOP Project Ideas - Google Chrome
2026-03-30 11:14:55,BYOP Project Ideas - Google Chrome
2026-03-30 11:15:00,BYOP Project Ideas - Google Chrome
2026-03-30 11:15:05,New Tab - Google Chrome
2026-03-30 11:15:10,YouTube - Google Chrome
2026-03-30 11:15:15,YouTube - Google Chrome
2026-03-30 11:15:20,YouTube - Google Chrome
2026-03-30 11:15:25,YouTube - Google Chrome
2026-03-30 11:15:30,YouTube - Google Chrome
2026-03-30 11:15:35,YouTube - Google Chrome
2026-03-30 11:15:40,YouTube - Google Chrome
2026-03-30 11:15:45,YouTube - Google Chrome
2026-03-30 11:15:50,YouTube - Google Chrome
2026-03-30 11:15:55,YouTube - Google Chrome
2026-03-30 11:16:00,BYOP Project Ideas - Google Chrome
2026-03-30 11:16:05,C:\Windows\System32\cmd.exe - python  tracker.py
2026-03-30 11:16:10,tracker.py - focus-tracker - Visual Studio Code
2026-03-30 11:16:15,tracker.py - focus-tracker - Visual Studio Code
